utc_timestamp,local_timestamp,id_type,caid,location_name,top_category,sub_category,street_address,city,state,zipcode,geohash_5,census_block_group,naics_code,brands,minimum_dwell,safegraph_place_id,placekey
1735718459,1735696859,idfa,cc1a89247d6efd9c21cc1ce95d07d926240e88c4ea514680f0bcf3310d3bde6d,Salvatore's Wedding and Event Venue,Traveler Accommodation,All Other Traveler Accommodation,525 w arlington pl,chicago,illinois,60614,dp3wt,170310701031,721199,"",0.0,sg:442918b16973433390fdec11deb165f9,22f-225@5pw-5zc-h3q
1735844259,1735826259,aaid,19cbc82793c76e1fa8464642c2f4da14dd7135ac871bd563d1adf97e99d29add,A1 Driving Academy,Other Schools and Instruction,Automobile Driving Schools,6305 cottonwood dr,alexandria,virginia,22310,dqcht,510594207002,611692,"",53.0,sg:65e4178b8d8f45c9ad2a5e810678d095,223-222@63r-7yc-xnq
1735756412,1735738412,idfa,e82a3ba9129fc64b126eb49b15edeeca9b04083ffe88d24f28d75670ecdd7ea4,Flapjack Johnnys,Restaurants and Other Eating Places,Full-Service Restaurants,6275 westwood blvd,orlando,florida,32821,djn1d,120950170041,722511,"",0.0,sg:ed5135b451ba32eea11ade55a5a70336,222-223@8fy-8jr-xdv
1735788930,1735752930,idfa,ac71fdcfb90f843b823fc45c57a98d97367d27acf96bad3e2efd7e63b6c21d2d,Sik Do Rak 2,Restaurants and Other Eating Places,Full-Service Restaurants,45-934 kamehameha hwy ste a2,kaneohe,hawaii,96744,87zcc,150030105032,722511,"",0.0,sg:59ca3a7525e14aa29dcc5ffe9b5e989e,zzw-222@8m4-6tg-zzz
1735759275,1735730475,idfa,4bfca7078f0f6676fa63927d05842bd998f54cfaf87b359241acf2b78042e281,JC Penney Salon,Personal Care Services,Beauty Salons,4400 meadows ln,las vegas,nevada,89107,9qqjf,320030001051,812112,"",105.0,sg:1408a0c369123237b7f1ef8c7e7ebc2f,222-223@5yv-j8s-q75
1735759223,1735737623,aaid,72de19e237f33e49493a0fe32056bd5ead91d7ec1f2599655b94fffe52d528a0,Stratford Nature Area,"Museums, Historical Sites, and Similar Institutions",Nature Parks and Other Similar Institutions,stratford nature area,fort worth,texas,76103,9vff6,484391015001,712190,"",0.0,sg:d6600f72ebc84319bdb4185f2c05faca,zzz-222@5qw-vrh-gkz
1735844931,1735826931,idfa,35bc247a329d3319922a51aee2fc4ed07fdb5536e91e25cf94679e3886fab9a0,Second Chance Center of Hope,Civic and Social Organizations,Civic and Social Organizations,420 w oakland ave,washington court house,ohio,43160,dph8v,390479260003,813410,"",0.0,sg:a926116f792f34f8b40dba96eae35afa,22b-222@63h-sdj-ks5
1735699385,1735677785,idfa,8f52c1d40c0e972eda34caa8c4507b5cea3976795d16fd2cb6a5d8466f78aa05,Azac Jr's Taxidermy Studio,Electronics and Appliance Stores,Electronics Stores,1301 highway 12 s,ashland city,tennessee,37015,dn6n7,470210701042,443142,"",0.0,sg:6af42e8cfd083f37859eb992207cb2c0,223-223@5pn-e29-nyv
1735711940,1735686740,idfa,92b659f15768c6121c402a5a89e05dabec39991e7ce4e5c29b07daa9c9b5d90c,Sigler Communications,Electronics and Appliance Stores,Electronics Stores,1324 s university blvd,denver,colorado,80210,9xj3g,080310039021,443142,"",0.0,sg:e1302c8e01dd3a6e90c821e638605fbd,22c-223@5q9-9zp-8sq
1735846261,1735824661,idfa,47bcca6e83a1b1d107925fa5fe852ab1b9483e3a0e754ccf46cbffcf7f802b57,Pivotal Canvas,Book Stores and News Dealers,Book Stores,11811 north fwy,houston,texas,77060,9vk4k,482015337013,451211,"",0.0,sg:f18f8e1d40cb41328cd1942b10374423,222-22k@8fc-9t2-33q
1735746385,1735724785,idfa,ad38b5b227190f1ada300c0ddb960880fb7085da6ff015f97cb9a548068cef83,Homely Thoughts,Other Miscellaneous Manufacturing,,842 westdale rd,montgomery,alabama,36117,djf8n,011010054024,3399,"",0.0,sg:6d52fb7116bd3bc69782e268b8c3d9d4,zzy-225@8gn-nhj-p35
1735698600,1735680600,idfa,cc1780c58b4c0eefae4b3a4ae5619aeab985fb065e79bd8d231098e44db986a4,Lake Allatoona Reserve,"Museums, Historical Sites, and Similar Institutions",Nature Parks and Other Similar Institutions,lake allatoona reserve,acworth,georgia,30101,dn5cb,130670301012,712190,"",0.0,sg:931cce78677441319b1ce08ab68c11be,zzz-222@8gb-6q5-28v
1735802243,1735780643,idfa,22139b8e010887c1dd165471589e99587e19031457fba5c435264e970fa88401,Dirksen Park,"Museums, Historical Sites, and Similar Institutions",Nature Parks and Other Similar Institutions,drive,marquette heights,illinois,61554,dp0r1,171790205003,712190,"",0.0,sg:8483ab564fd346d9874998833cd3c44c,zzz-222@5pv-mnx-cbk
1735836372,1735807572,idfa,56b0c678cfba7317115bf965502b27ed31a5bc3c24756bf923504815646844db,Rush Peterbilt Truck Center Fontana,Automobile Dealers,New Car Dealers,14490 slover ave,fontana,california,92337,9qh3y,060710022041,441110,"Peterbilt,Rush Truck Centers",0.0,sg:035d7dae75bf4e85992f4e6fa29c902a,zzw-222@5z4-kmg-9zz
1735734734,1735716734,aaid,c6fef0017d162e555bac862dc60291872202cce108140976a78fc51c1442cbb7,Atlanta Hustle,Spectator Sports,Sports Teams and Clubs,3200 silverbacks way,atlanta,georgia,30340,dnh0f,130890217052,711211,"",0.0,sg:2a974aa1cbe6392b8b4083e5658f31a0,zzy-222@8g6-yk8-bhq
1735834901,1735816901,idfa,6b4bb92e79833d1e8b0c613bfb7efd23e560ff6960307e972c6e8e9259284c24,Go Energy Financial,Other Financial Investment Activities,Investment Advice,3400 hiram douglasville hwy,hiram,georgia,30141,dn58x,132231205031,523930,"",0.0,sg:5ea0f149328e36128feb27bd4820fe81,224-223@8gb-79f-v75
1735718704,1735700704,aaid,1b90ba902c71a8945ebe3d4b5fe79f6786f2972766ce64beaed3ba6af68f7537,White Plains Regional Park,"Museums, Historical Sites, and Similar Institutions",Nature Parks and Other Similar Institutions,1015 saint charles pkwy,white plains,maryland,20695,dqc73,240178509041,712190,"",0.0,sg:231a783a896d44ae88fa5e72cded623c,zzz-222@63r-7bn-s3q
1735820180,1735802180,idfa,49cc09965ccf86626cfcb6c2a5e5711fc793211cdf6fad49156a0124aa8da26f,K Smitty Records,Sound Recording Industries,Other Sound Recording Industries,street,eastchester,new york,10709,dr78b,361190051004,512290,"",0.0,sg:a03bd5c2136e3911b0d97ecbd2ce43e4,zzy-222@627-sp4-hdv
1735740594,1735711794,idfa,5c4355bff03be6dee5493799c25a99eb147f200ec504ee5e843520b9a4c2b7e5,Tulalip Tribes of Washington,Civic and Social Organizations,Civic and Social Organizations,10200 34th ave ne,tulalip,washington,98271,c291e,530619400014,813410,"",0.0,sg:757b83cd150b4c7d9444b41c07c61e05,zzw-222@5x2-tb4-tsq
1735757204,1735739204,idfa,5e26121aa14ab2d3cef3e5d45ac208596c5cdccd329e0bf458e963cae1c3614b,Bass Pro Shops,"Sporting Goods, Hobby, and Musical Instrument Stores",Sporting Goods Stores,5900 sugarloaf pkwy,lawrenceville,georgia,30043,dnh1q,131350505111,451110,Bass Pro Shops,2.0,sg:0344d480068340778b59ba24791af6ad,222-222@8g7-2pd-d7q
1735798161,1735776561,other,a04f464867a05b3592c5917b3b6cd19786e62f3dcd82364929acdec155fed76a,Botanical Research Institute of Texas,"Museums, Historical Sites, and Similar Institutions",Zoos and Botanical Gardens,1700 university dr,fort worth,texas,76107,9vff2,484391020001,712130,"",0.0,sg:629caff7bf2145ef8d816929d5511b46,222-222@5qw-w25-wkz
1735749110,1735727510,aaid,e22b25172193c6710f92b4117dd6ab7672391132927974141fc2bf2871e1fa4a,Versatile Athletics,Other Amusement and Recreation Industries,Fitness and Recreational Sports Centers,4405 e stassney ln,austin,texas,78744,9v67z,484530024121,713940,"",0.0,sg:674ae98fb0c03a81ac4dbd40a12bdd71,22b-222@8t2-k7s-6tv
1735734161,1735716161,aaid,5a3a21904611e558ab1b04f7177c6d3b5d7b332ca1f8d3f9dfea5894a86d6b9f,Crossroads Fitness Powell,Other Amusement and Recreation Industries,Fitness and Recreational Sports Centers,1514 w emory rd,powell,tennessee,37849,dnkhz,470930061041,713940,"",0.0,sg:9c7e28437cef309c8ece0ec1bff027f1,222-223@8g9-xn9-nnq
1735735951,1735717951,aaid,d7fbcf683cc272211b7df29c26961236c4681d491f245940968bdf94ce1f2f30,Drug Disposal Site at ASHEVILLE VA MEDICAL CENTER MENTAL HEALTH SERVICE 116A,Waste Treatment and Disposal,Hazardous Waste Treatment and Disposal,1100 tunnel rd,asheville,north carolina,28805,dnm67,370210018023,562211,"",0.0,sg:32bb1ba5bcf630cf9b2c8d18a9e7a264,222-223@8gf-r69-x3q
1735705427,1735687427,idfa,354cc6426151f638b782dbf9e4f1e32dc90a1d62956952b336cd685404a3ce21,North Oconee River Greenway III,"Museums, Historical Sites, and Similar Institutions",Nature Parks and Other Similar Institutions,n oconee river greenway iii,athens clarke county,georgia,30605,dnh9p,130591505001,712190,"",5.0,sg:dbcecef06eb64afba2b782f911d0ece4,zzy-223@8g7-njh-75z
1735703073,1735685073,idfa,e9c5fc1ffff68b92322a6c42f3bef273f2d7a4b0d002823469e89f6f91db7cf8,Super Max Auto Repair,Automotive Repair and Maintenance,General Automotive Repair,34110 michigan ave,wayne,michigan,48184,dps8w,261635664001,811111,"",0.0,sg:8e3f0ff71ee7405c95c7d6e626306d7a,222-222@63t-ypw-tqf
1735744480,1735722880,idfa,eb6d51a19490f38ef120a643c1042614ed4155bef72185c465e89b4e4ed8b535,Anytime Fitness,Other Amusement and Recreation Industries,Fitness and Recreational Sports Centers,14820 metcalf ave,overland park,kansas,66223,9yutj,200910534172,713940,Anytime Fitness,0.0,sg:0bd40f04a52744fbbd4ee8afed1a0094,222-222@5pr-5vt-sbk
1735741835,1735720235,aaid,12c74ddfd13c9eee88c132a6998ad99a948892d0d04140b7798c789f005b8cfc,Self Made Training Facility,Other Amusement and Recreation Industries,Fitness and Recreational Sports Centers,3584 south hills ave ste 100,fort worth,texas,76109,9vff0,484391042021,713940,Self Made Training Facility,0.0,sg:04ad93f07dca3ac99efa66986f75f7c8,zzy-222@5qw-vyc-5vf
1735745471,1735723871,idfa,616e30da264f4be021ed781092905171991f18f014fd439a38b652a02c90b812,Mel O Glaze Bakery & Donut Shop,Restaurants and Other Eating Places,Snack and Nonalcoholic Beverage Bars,4800 28th ave s,minneapolis,minnesota,55417,9zvxw,270530118004,722515,"",0.0,sg:a2ee8fe39919432aa8f0cc4d90ea3720,22r-222@5s8-chz-6zf
1735778457,1735760457,idfa,0acd48358efa78eb3e857b4827b9f8b48a75bc6a5324ed72b21ac12a4494bfa7,pOpshelf,"General Merchandise Stores, including Warehouse Clubs and Supercenters",All Other General Merchandise Stores,112 sunset dr,johnson city,tennessee,37604,dnmqv,471790604004,452319,pOpshelf,0.0,sg:73e772cf906735df98092a3c56e64b6f,222-227@8gf-npb-kfz
1735756607,1735738607,aaid,efc4e954f78d9f23160e53077eb9bdbaa158db91519ae0d18214f0ab3dc8ea5d,The Envelope,"Office Supplies, Stationery, and Gift Stores",Office Supplies and Stationery Stores,60 n main st,centerville,ohio,45459,dph1k,391130403022,453210,"",0.0,sg:484b79056fbd32318d44ec23b6ca2956,22c-222@63j-f67-3bk
1735827080,1735805480,idfa,4aa1e8d391d5d1360d1927ef19d1819901c533e711d23ea211c90b9600d84a60,Watermill Express,Specialty Food Stores,All Other Specialty Food Stores,714 calle milpa verde,brownsville,texas,78521,9udeq,480610133072,445299,Watermill Express,0.0,sg:3ba04aebbfe445fdbfea4197bba8cf71,zzw-222@8t8-4wr-xqz
1735762690,1735744690,aaid,504f415e0fb65bc16eab60e5c124ca5cdc17beba77ea4815db4e3ae7c128991d,BeautyFit,Personal Care Services,"Hair, Nail, and Skin Care Services",4747 n nob hill rd,sunrise,florida,33351,dhwuv,120110601132,81211,"",0.0,sg:ce8f0921cd713cfeaa66b74d1c288a98,222-226@8fw-2zx-wtv
1735763689,1735734889,idfa,aba6b0e5de7c81f9dbed6eea4f25bd22fd9298fc05e5a8563bb0ef03c0cfbb45,Escondido Lowe's,Building Material and Supplies Dealers,Hardware Stores,620 w mission ave,escondido,california,92025,9musr,060730203072,444130,Lowe's,0.0,sg:0ec1365813a2458dbdfa3ef3bd1734ed,222-222@5z5-t29-9cq
1735839605,1735821605,idfa,7a15955d1df7595ad795e40c1414452413e18cf70bf59c9ba2e8706d3eab14de,Allwood Park,"Museums, Historical Sites, and Similar Institutions",Nature Parks and Other Similar Institutions,1175 route 3,clifton,new jersey,07012,dr722,340311243224,712190,"",0.0,sg:2264f4b23c6b4129af532cd0983ffa07,zzz-222@627-txm-vj9
1735771093,1735753093,idfa,f2b23d173c10dc29dabf758a21e18fe5403027f4a7d2ffb82896e3e063a3c521,Tallahassee Nurseries Inc,Furniture Stores,Furniture Stores,2911 thomasville rd,tallahassee,florida,32308,djkj6,120730017003,442110,"",0.0,sg:81194bea053744578ccd73daf0af0046,222-222@8gh-n2z-mc5
1735842541,1735817341,aaid,09ad638c9daacf2505ce4871f3535b3bd1e57147731f08cac6116179e13290dd,Sno To Go,Restaurants and Other Eating Places,Limited-Service Restaurants,801 pate st,carlsbad,new mexico,88220,9tvb7,350150004013,722513,"",0.0,sg:ccf5adb3798d4d5fa9abfbfd6e8dceba,zzw-222@8tj-gbf-r49
1735827082,1735809082,idfa,b2b17b461ad58828f5255ee831ead490896981898fc662ad8d44d1e5e0fe0fda,Balm In Gilead Missionary,Religious Organizations,Religious Organizations,10820 frank ave,cleveland,ohio,44106,dpmun,390351192021,813110,"",0.0,sg:c6ccd5cd1c193fd5924a699a708c4059,229-222@63v-9y5-m49
1735773550,1735751950,idfa,fbafa766baecfa8bcbf2184d9b1304b98d08d04df7545df9997717bc0305fc7f,Hard Eight BBQ,Restaurants and Other Eating Places,Full-Service Restaurants,1091 glen rose rd,stephenville,texas,76401,9vdpm,481439506001,722511,"",0.0,sg:e6f0a7e99ae04e46be7f7941466cfc52,zzw-222@8sz-p3w-snq
1735706013,1735684413,aaid,8fa368dc9cf01e6b15659a0a9af0c8b9fcd38746ef2b519cc6a562dc7858134c,Mariscos Luis,Restaurants and Other Eating Places,Full-Service Restaurants,4225 w 47th st,chicago,illinois,60632,dp3tg,170315703003,722511,"",80.0,sg:b892eea694c1435a9eb848e59f8c3cef,222-222@5pw-6cw-tqf
1735765493,1735743893,idfa,94f02128acd85f49cab31076e8028b8c72d0f10326ce50aea32e69b5183631cc,Constant Clean Maid Service,Services to Buildings and Dwellings,Janitorial Services,10200 broadway,crown point,indiana,46307,dp3gs,180890430012,561720,"",1.0,sg:35c199f0b26e3c1c861eb4b9e0adf0ee,222-222@5pv-ykf-qfz
1735775140,1735753540,idfa,bf07cd11b71ccb32f81bf48b090001abe89df625d238b6641d3fe05e33015fd0,Northside Music School,"Sporting Goods, Hobby, and Musical Instrument Stores",Musical Instrument and Supplies Stores,11918 vance jackson rd,san antonio,texas,78230,9v3bh,480291813011,451140,"",0.0,sg:d0402e086df638fe8492c2780a71dbf9,222-224@8sz-tby-jqf
1735740572,1735718972,idfa,96e89773f3a54ca771e660c4fdb34ed853786612e41a9a577d82866b24a2b49e,United States Postal Service (USPS),Postal Service,Postal Service,15243 bcr 402,leopold,missouri,63760,dn85c,290179502004,491110,United States Postal Service (USPS),0.0,sg:7664f198e65e46379471458200122788,222-222@5pj-rtw-9j9
1735840480,1735822480,idfa,703967698be59b509a7e7a00c6cf6e6e4f8eb50c2b96dac58350431352d2db59,Bega Trans,Couriers and Express Delivery Services,Couriers and Express Delivery Services,809 hartland dr,troy,michigan,48083,dpsfh,261251970001,492110,"",0.0,sg:b6f91b4168884d1aaf943f6795fc9367,228-222@63v-4mw-dd9
1735832189,1735814189,idfa,0313e2bf317cd96a9753f86666d8b63d6d75711e67d7f64519dcfda7b26facc3,Sterling Forest State Park,"Museums, Historical Sites, and Similar Institutions",Nature Parks and Other Similar Institutions,sterling forest state park,ringwood,new york,10987,dr74q,360710148002,712190,"",0.0,sg:c0c89e84a4cf42bca4fe7af3fe348f56,zzz-222@629-gtj-g6k
1735773917,1735745117,other,2559badcb52089747f27b22ec3a4d61fbce27889e0cd52ef5d550e030a0cc9e6,The Crowley Co Small Business Marketing Consulting,"Management, Scientific, and Technical Consulting Services",Marketing Consulting Services,1961 w 83rd st,los angeles,california,90047,9q5c5,060372381004,541613,"",0.0,sg:f3b0a17176103fe79986d6c8574e7d3f,22f-222@5z6-3qb-qpv
1735709648,1735680848,idfa,44a4aaac9eb2176a40a3904a727e6cee301217e10240f4b970b72245d246f29f,Orange County Personal Training,Other Amusement and Recreation Industries,Fitness and Recreational Sports Centers,924 n grand ave,santa ana,california,92701,9qh0n,060590744061,713940,"",0.0,sg:9f6a65100e8b38da977d862538462443,23d-222@5z4-ryx-p5f
1735735861,1735714261,aaid,8a34b2977911f8b34cf964c44928fbc5444f1c136f4226a591ef8c8f00993ee3,Ethical Hacking & IT Services,Electronic and Precision Equipment Repair and Maintenance,Consumer Electronics Repair and Maintenance,3007 s 21st st,omaha,nebraska,68108,9z7f8,310550024004,811211,"",0.0,sg:5174eccb45163d4eb8df460092618cee,224-222@5p2-2md-qfz
1735745788,1735727788,idfa,97e061ed2ff4f0532709e1ab8d2acf69bed5e6159416730ee9f020fc2ad96a59,Rob & Sons Garage Door,Other Specialty Trade Contractors,,5030 w pike plaza rd,indianapolis,indiana,46254,dp4dt,180973103062,2389,"",1.0,sg:2f63c65ae28734b8848c4d23aa22652a,222-223@5pv-b56-9j9
1735836133,1735818133,idfa,db8a9b29947d43b168d492868e1dbf8fc55675a92a3eb224cfb21c140bf0f380,Family Dollar Stores,"General Merchandise Stores, including Warehouse Clubs and Supercenters",All Other General Merchandise Stores,138 xenia towne sq,xenia,ohio,45385,dph3f,390572401002,452319,Family Dollar Stores,0.0,sg:367f4a962c7a4c55ace3eb2a2380488b,225-222@63h-gbf-qxq
1735851792,1735830192,aaid,3bb7d6018af796213a9732a0513725b8b0c50ea31927ad8fc478ee5f9e840b9f,Arcright Welding & Repair,Architectural and Structural Metals Manufacturing,Ornamental and Architectural Metal Work Manufacturing,25030 w tow path ln,channahon,illinois,60410,dp37b,171978833051,332323,"",0.0,sg:ef292c621480377083064fc2ad6b2833,227-222@5pw-q4g-2p9
1735739165,1735713965,idfa,b1bd5a9f5347af933baf644c989e3b56464fd73bd804d4efcb8a5db2a8181cf5,Bike Emporium,"Sporting Goods, Hobby, and Musical Instrument Stores",Sporting Goods Stores,8433 e mcdonald dr,scottsdale,arizona,85250,9tbqt,040132170022,451110,"",0.0,sg:6ce46775c80842098b8da4c91a46fdce,23r-222@5zb-xns-n89
1735745882,1735727882,idfa,a4873c91a951e1bf9e79d68a18384e2bb13917e9bb17f182d9028003954010a0,Maddcatt Vapors,Other Miscellaneous Store Retailers,Tobacco Stores,200 s george st,cumberland,maryland,21502,dppcx,240010010002,453991,"",2.0,sg:da3f002a778b4d8ca1fe3d7c3ca594ba,225-222@63d-cb7-8jv
1735773795,1735755795,idfa,cda62798660bf9861fbe7e2c82fe9a0110c8bb2f7225aa01d6e0f9c41bd47e76,Kentuckiana Shotokan Karate Do,Other Schools and Instruction,Sports and Recreation Instruction,9103 galene dr,jeffersontown,kentucky,40299,dng1k,211110111062,611620,"",0.0,sg:464ba262e5ed3a5687d7765836d9f156,233-222@5py-jhz-9j9
1735769821,1735751821,idfa,af45c9946463d9f47373374c8483eac9f23f3211f1318901eb83610794418150,Orange Julius,Restaurants and Other Eating Places,Snack and Nonalcoholic Beverage Bars,917 route 28,south yarmouth,massachusetts,02664,drqhf,250010120023,722515,Orange Julius,0.0,sg:d5ab8f584560325983c46e8ae20bbd15,224-223@62j-ykp-pn5
1735708116,1735679316,idfa,0c806432f06b14c9a43dc9b2068760ae27bda12d317c3f10b594261c1f3005cb,GameStop,"Sporting Goods, Hobby, and Musical Instrument Stores","Hobby, Toy, and Game Stores",5500 olympic dr,gig harbor,washington,98335,c22v4,530530724071,451120,GameStop,0.0,sg:cf53d6da5d7b447aa421093262757814,224-222@5x4-8bz-vcq
1735779910,1735761910,idfa,67ad74a90d58436008151b50ece1b175ec1d432b3cd17e5a963289e7161875a4,Store Space Self Storage,Lessors of Real Estate,Lessors of Miniwarehouses and Self-Storage Units,30 sea cliff ave,glen cove,new york,11542,dr78k,360595172003,531130,Store Space Self Storage,0.0,sg:8e4bec15c45a39c8a3f423dda80edef8,223-222@627-shw-z2k
1735735390,1735717390,idfa,ac0d795234498a9a253739ab8a1a016cac60e9ae9f6246f514757cb55b8a4b0d,Saint Paul Cemetery,Death Care Services,Cemeteries and Crematories,willowbrook west rd @ kelly rd,industry,pennsylvania,15052,dpnz3,420076027012,812220,"",0.0,sg:53f4043556ab4b538397511657ee51d1,zzy-222@63d-5sf-rff
1735839377,1735821377,aaid,adbe249ce907feb0f97f227c3072be44fe40f73e2fdd818716687ea7245b47a9,Krystal,Restaurants and Other Eating Places,Full-Service Restaurants,2537 peach orchard rd,augusta,georgia,30906,djvwj,132450105081,722511,Krystal,90.0,sg:3f8d871064b34656b4c5e74d98042552,225-222@8g7-bf8-5vf
1735836281,1735814681,idfa,eac69368c9cae1561aebc00e56c55c4e9a8d8cb37def070b87eddb9000e2fa09,Boot Barn,Shoe Stores,Shoe Stores,6201 nw loop 410,san antonio,texas,78238,9v1ze,480291817053,448210,Boot Barn,0.0,sg:018f3c486f6e4582a329e9d97ef4c4c8,222-223@8sz-tz4-v2k
1735726627,1735708627,other,070fedc112d8ecfcdb78240d901256f710981b8799b4826d6aa55ace0fc800ef,Flash Werkz Studios,"Other Professional, Scientific, and Technical Services","Photography Studios, Portrait",300 w hunting park ave,philadelphia,pennsylvania,19140,dr4ed,421010383003,541921,"",0.0,sg:4f5ab8942af53c0c8b4a564d2e4d34c9,zzy-223@628-pj9-2x5
1735822573,1735800973,idfa,a3b8243024fec26d272658af5c93274c98240b89cca05ad97b77903655d29989,Trinity Episcopal Church,Religious Organizations,Religious Organizations,4903 maple grove rd,hermantown,minnesota,55811,cbq6q,271370103002,813110,"",0.0,sg:2f0f674b9c57423dac170097a09e8086,zzw-222@5s9-hc4-pd9
1735765510,1735747510,aaid,8c93f2fac42b3979b8de37092b2903deb9721cfad515b6e5042ad925bff42af6,Kendallville Golf Club,Other Amusement and Recreation Industries,Golf Courses and Country Clubs,120 weston ave,kendallville,indiana,46755,dp77e,181139719002,713910,"",70.0,sg:81e8ea514e37492d8eabe88b6e200619,222-222@63k-bg7-s89
1735699002,1735681002,idfa,259ba2e70a45b7e7e7879fcec16cce81f9a77ff8651b0a9915829121d6bfe1ec,Wendy's,Restaurants and Other Eating Places,Limited-Service Restaurants,2780 paxville hwy,manning,south carolina,29102,djyzw,450279605001,722513,Wendy's,0.0,sg:5dc0656a8d144804be4e604973204116,zzy-222@8gd-4rh-x3q
1735765571,1735747571,aaid,a3499c477a2a95297778e9a37dcacbcc91dbe8cae6440e20f02d408f6c4599d8,Garage Force Of Dayton,"Foundation, Structure, and Building Exterior Contractors",,7100 w von dette cir,centerville,ohio,45459,dph1t,391130403031,2381,"",0.0,sg:2df6ff77b8623c3d9d25fc132cef4e6e,224-222@63j-dwt-389
1735737544,1735719544,idfa,5f38151646532b8ece78a8bbbf2fb6f11cc8ad210297db7925b6db38dd6e12a7,Albercars U Gas,Gasoline Stations,,4700 nw 27th ave,miami,florida,33142,dhwfy,120860017022,447,"",0.0,sg:51e649a4922b3df1901815d0fdcfc7b3,228-222@8fw-27c-fvf
1735838492,1735820492,idfa,8e45ec1bea9939bdd90d29a8cd3bec4372771f3bcdbfbac0ba4361c4ae5404cb,Grace Fellowship Church,Religious Organizations,Religious Organizations,10837 watkins rd,marysville,ohio,43040,dphuc,391590506022,813110,"",0.0,sg:55c92f78189439be9aa096e77860fbd5,226-222@63h-mj8-26k
1735829127,1735800327,idfa,619fe5cf64f16e2fe9160e65dd09f88922195794cbc9612308e6e3a0c0424e77,Parabellum Consulting Inc,Other Schools and Instruction,Exam Preparation and Tutoring,21308 pathfinder rd ste 205,diamond bar,california,91765,9qh1q,060374033252,611691,"",0.0,sg:1d4acbaec08b42078e76f6b264bc789b,22f-222@5z4-rfk-ygk
1735738102,1735716502,aaid,5d3a996be389d28809affbd9c47de0e2acc3b6f3d50cc3c1e740d56120a10896,Appliance Repair Near Me,Personal and Household Goods Repair and Maintenance,Appliance Repair and Maintenance,3329 turnabout loop,schertz,texas,78108,9v60k,481872106042,811412,"",0.0,sg:8c8589dd07c03936beb3fad35b9dabc4,227-222@8sz-wgm-b49
1735825571,1735807571,idfa,1e0e63bff0b2f2081d4ebd9a46255f4069de1f38db5ef6738aece0d9df90388a,Dollar Tree,"General Merchandise Stores, including Warehouse Clubs and Supercenters",All Other General Merchandise Stores,1442 tift ave n,tifton,georgia,31794,djse5,132779603004,452319,Dollar Tree,0.0,sg:c5754b0bed6f3fc6a10a3f579fcdb2ea,223-224@8g7-yxt-9fz
1735703277,1735674477,idfa,94f6865d4389a2dfdd2c04fb7331b19b67ed01e396c261fd5d12ce162cf2c9aa,Saint Andrews Recreation Center,"Museums, Historical Sites, and Similar Institutions",Nature Parks and Other Similar Institutions,8701 s st andrews pl,los angeles,california,90047,9q5c5,060372384003,712190,"",0.0,sg:0ba50d5c61134cdf877950c6f58ea189,zzz-222@5z6-3qb-6zf
1735745983,1735724383,aaid,4bfe2c7d329c3321cedcf416afbcba85b5b02edafb711ee90467c4316f1bc35c,Audi Des Moines,Automobile Dealers,New Car Dealers,5190 merle hay rd,johnston,iowa,50131,9zmkg,191530117021,441110,"Acura,Audi,Lithia Auto Stores,Volkswagen",0.0,sg:0a57f6294edc4fa1a3f5be50ba48656b,zzw-223@5nz-vm8-kmk
1735825734,1735807734,idfa,c92e8be737cc9573f3c9bb0922972ae4882cc8a02524f9c8c520acd7a46e7b00,Mercer County Park,"Museums, Historical Sites, and Similar Institutions",Nature Parks and Other Similar Institutions,mercer county park,trenton,new jersey,08690,dr4vj,340210043062,712190,"",0.0,sg:15a8388c13234d358371564198ee4cfe,zzz-222@628-t5j-j9z
1735763576,1735741976,other,9448749dae64ceda26d26d86007da61232031b8eb7f1f3fe43f297adac51450b,Doe's Eat Place,Restaurants and Other Eating Places,Full-Service Restaurants,3723 government st,baton rouge,louisiana,70806,9vrjj,220330017003,722511,"",0.0,sg:514ccdc6f2c44cf1b0d83f5230954a06,222-222@8dx-6xq-835
1735764047,1735742447,idfa,9f14b8edcff57fb8265cbb19e7e6b814bdae95f6200335a12854a1501002ea8d,Kiewit Corporation,Residential Building Construction,Residential Remodelers,1215 mustang dr,grapevine,texas,76051,9vfgq,484399800001,236118,"",0.0,sg:dd81cf145bf63fa7919a66b9404489a7,223-222@5qv-x7w-5s5
1735856002,1735834402,aaid,4f53461bdd1aef62c6a31dbd9bfa4d07d4d26d9773ebc4a9a42101e946803cc3,Tranquility Island Pain Relief Cupping Massage,Personal Care Services,Other Personal Care Services,1022 e gaslight dr,springfield,missouri,65810,9ytej,290770040032,812199,"",0.0,sg:d27d49ae5add3652b862ebd8bc90ce11,225-223@5pq-8kt-3qz
1735782384,1735760784,idfa,31cf6e03923897e1874b3058942495aed39afc849e2ef3cdb31017093d579fa5,The Garden Gate,Florists,Florists,1030 s gentry blvd,gentry,arkansas,72734,9yky3,050070213014,453110,"",1.0,sg:51636377d847457fb1c560be315323e9,zzy-224@5r8-6qv-7bk
1735753562,1735735562,aaid,4bd1f5af6239338a4ad9ac47babe5c099917fb92e0a26c6a83efa959eadeda68,Rainbow Shops,Clothing Stores,Family Clothing Stores,230 w huron rd,cleveland,ohio,44113,dpmuj,390351077011,448140,Rainbow Shops,6.0,sg:673147c28b334e8b88181ce1b9f58b92,224-22t@63v-bdn-qzz
1735785757,1735756957,idfa,c03a0b72e45b389edec0821640d5d2c947ee7a06267a71261f9d1546a7cb9728,7 Peaks Candle Co,Other Miscellaneous Store Retailers,All Other Miscellaneous Store Retailers (except Tobacco Stores),531 nw elm ave,redmond,oregon,97756,9rcgf,410170008004,453998,"",0.0,sg:aa9a72362f9e3131afcae1cb67951467,222-224@5wn-sdp-g8v
1735855087,1735833487,idfa,28b5982534b543cd446e07dc6c16b5bcbdd6e3ef102fad412decf2a4163a0df6,Texas Comptroller Field Office,Death Care Services,,1655 ruben m torres blvd,brownsville,texas,78521,9udet,480610126132,8122,"",0.0,sg:077e33b3bf5538ac87ba5cf8c533f594,zzy-222@8t8-4xd-28v
1735773103,1735755103,idfa,1d2b7b1eb390eab2b3dabce0e6e36e0bb087e620372f46be19343f9b1f52d731,Phantasm Comics,Book Stores and News Dealers,Book Stores,26 n main st,new hope,pennsylvania,18938,dr4tw,420171044001,451211,"",0.0,sg:af5e239872073fa7a68915d3c26c813a,22c-222@628-cmp-pn5
1735839468,1735810668,aaid,b8c5de18ee6bfe1ec179e6dba2f218567a82bdef26d10b45bfebf0ffb660c215,24 Hour Fitness,Other Amusement and Recreation Industries,Fitness and Recreational Sports Centers,1357 e gladstone st,glendora,california,91740,9qh4n,060374012022,713940,24 Hour Fitness,93.0,sg:640ec8c5ea2e485282a628eee53f80d7,222-222@5z5-3th-tvz
1735841902,1735820302,aaid,bf7fd4f83cb507ee678fe656e907e3a37694a46d477fa48f89b8fef676da9ca8,AutoZone,"Automotive Parts, Accessories, and Tire Stores",Automotive Parts and Accessories Stores,2910 morgan rd ste 106,bessemer,alabama,35022,djfjw,010730142041,441310,AutoZone,0.0,sg:5cbb933c5c184fc4bd812a02b95e3bd0,zzw-223@8gk-yjd-wx5
1735843604,1735825604,idfa,666ab4ae7b3b44f0c20a5aad64f6f8140e511ba987ce91d32815d11e39abbd77,Capital Planning Systems Inc,Other Financial Investment Activities,Investment Advice,1190 e canvasback dr,terre haute,indiana,47802,dp1b5,181670107013,523930,"",0.0,sg:f4de4cbe30bf3b1694d43da0d84c10b5,222-222@5pv-vdj-jsq
1735759462,1735730662,idfa,10bb409f3e039b702277e958c60f083132f5aff39d9046a4d344a15e4ce22c07,Starline Real Estate,Activities Related to Real Estate,Residential Property Managers,3825 bluff pl apt 17,san pedro,california,90731,9mgzu,060372976012,531311,"",11.0,sg:42f2034d0ebc3895b21d117d2ff8f1fe,243-222@5z6-3d6-789
1735846478,1735824878,idfa,969a56ce787e270b1c2436e12d931fb20bd844ba912f4b49e54145ab259359e4,Tom Thumb,Gasoline Stations,Gasoline Stations with Convenience Stores,11799 panama city beach pkwy,panama city,florida,32407,dj6gz,120050027043,447110,Tom Thumb,0.0,sg:4e179e1ee8bc4036a288a15d9df752a8,222-223@8gk-2dd-mzf
1735823545,1735805545,idfa,9a1661bfc7816d609c00ef6a1258ec72731f45d04a65d63dca399203e19b3f61,Westin Hotels & Resorts,Traveler Accommodation,Hotels (except Casino Hotels) and Motels,7801 leesburg pike,falls church,virginia,22043,dqcj6,510594713011,721110,Westin Hotels & Resorts,0.0,sg:6ccdcef8f1df4be999321799c8917915,222-222@63r-6mv-87q
1735729277,1735711277,idfa,ceb9a6fe1baf1ef71b84e2d4d94eb3316277f2456b585def829112b9bab2784a,Steve T Hots & Potatoes,Restaurants and Other Eating Places,Limited-Service Restaurants,2260 lyell ave,rochester,new york,14606,dr8v8,360550143011,722513,"",0.0,sg:e94868e7b3c64b1cba4fc71c8e491e18,225-222@665-9hs-nt9
1735828333,1735806733,idfa,96aec402f15fe4282578c224a65f2a8a7b23a64efa2af9572e3595875b734e6e,Lakewood Oaks Golf Club,Other Amusement and Recreation Industries,Golf Courses and Country Clubs,651 ne saint andrews cir,lees summit,missouri,64064,9yuvu,290950142032,713910,"",82.0,sg:5783ab79567a44dfa03d0fb1b21510e3,zzw-222@5pr-4r6-yvz
1735737900,1735719900,idfa,11ee781c8ad900f66864be8650629bf010530115fb3402527a8c3c2ff3ce6ce1,Wingstop,Restaurants and Other Eating Places,Limited-Service Restaurants,731 delsea dr n,glassboro,new jersey,08028,dr49f,340155014063,722513,Wingstop,0.0,sg:56a4e8158494390bbb3e60b8e9ed2859,225-225@628-qht-6p9
1735770039,1735741239,aaid,e7aa53880765b899dd9086ae031eeedfacbbe3b00d23f398c89044e46a44b6ad,Check City,Activities Related to Credit Intermediation,Other Activities Related to Credit Intermediation,34 n valle verde dr ste 100,henderson,nevada,89074,9qqhv,320030053213,522390,Check City,0.0,sg:a70f0bccd27c42d0a6018cf42f8d852c,226-222@5yv-gyw-2rk
1735827503,1735809503,idfa,acc0ae7f3b47da9b008b3f4ac2c2d165dfa40aa4e1ee33719dbed9826089139e,Vgs Food Center 1927 Fastlane,Grocery Stores,,1390 n leroy,north fenton,michigan,48430,dps7x,260490132022,4451,"",0.0,sg:c0853f22a92438a4b7bb486511321698,222-224@5s6-vdt-cbk
1735739426,1735721426,aaid,905dc7f19e53aa1aee6fc1bd49810736ee210d8276d9ddd2bb1100117892a9b6,Body Fit Training,Other Amusement and Recreation Industries,Fitness and Recreational Sports Centers,770 jackson st,hoboken,new jersey,07030,dr5rg,340170185002,713940,"",0.0,sg:13346516427739ba815965be376f4a0d,235-223@627-wbm-y7q
1735804007,1735775207,other,29bd75b640b9b134a7038f3911b9fe363098dc759ee538a5fade86aaa9131cea,Icaremore Pharmacy,Health and Personal Care Stores,Pharmacies and Drug Stores,9493 garfield st,riverside,california,92503,9qh2z,060650316022,446110,Health Mart,0.0,sg:7aa3c4a8b44e4e8f98c714e087b0d65a,222-222@5z4-m2j-s89
1735752949,1735734949,idfa,086a3da98da4b3227fe1d3cded05292ff31351bd52f103d84ab4d462f3687441,Roman Catholic Church Of Our Lady Queen Of Martyrs,Religious Organizations,Religious Organizations,53 prospect rd,centerport,new york,11721,dr7bd,361031105011,813110,"",0.0,sg:44df6f38e3d8426792fdb79f757c4d69,zzw-222@627-ygm-qpv
1735845587,1735827587,aaid,b708bfebe4580c8ab2728e17915079e0b7af65751f24d361b68be21cd6662505,G Five te monta Used Cars llc,Automobile Dealers,Used Car Dealers,710 bingaman st,reading,pennsylvania,19602,dr4j2,420110022002,441120,"",63.0,sg:1614d4a4435b312c897937e981f0b5d6,22q-223@63s-fss-fpv
1735770606,1735752606,idfa,6aeb382daa27f030df5966120838470bf218177e1fe6b71330f5cc112d0f0553,Sayre Morris Recreation Center,"Museums, Historical Sites, and Similar Institutions",Nature Parks and Other Similar Institutions,5825 spruce st,philadelphia,pennsylvania,19139,dr47r,421010084006,712190,"",0.0,sg:4a12f7ade0b0417ab6dbbb02476b0c87,zzz-222@63s-dvq-jqf
1735758289,1735740289,idfa,973d0722d5a3fc7b84b40ce67116ec13b07b57c01b4bf76efc4bb5b983ffd8c7,United Auto Sales,Automobile Dealers,Used Car Dealers,5501 fern valley rd,louisville,kentucky,40228,dng14,211110115055,441120,"",1.0,sg:aabe1c6fbaaf4d15922a70ba4f2d9fee,zzw-222@5px-8pj-2zf
1735705591,1735687591,idfa,05eb371c02c483ed5915c9610991030dafd224064e2863209d12fb94d6819e3a,Mother Earth Planeteers,Restaurants and Other Eating Places,Snack and Nonalcoholic Beverage Bars,1555 lejeune blvd,jacksonville,north carolina,28540,dq0vw,371330026004,722515,"",4.0,sg:3ca32003fc8839e2b98fd8c5b2829320,zzy-222@646-q68-jsq
1735745397,1735727397,aaid,fc422d292c3d7c8037fc1de915459f71c73416dd24b432a898a61f88de75acf4,Columbus Motor Lodge,Traveler Accommodation,Hotels (except Casino Hotels) and Motels,3984 e main st,columbus,ohio,43213,dpj53,390490092304,721110,"",424.0,sg:def8788bda2034a6baece02842452efa,224-222@63j-x2r-qs5